age,time,start_time,end_time,setting,all drugs,all opioids,stimulants,cannabis,benzodiazepine
0-15 years,1,01/01/2020,01/31/2020,ip,7.7007,0.845,0.1908,1.0358,0.2044
0-15 years,1,01/01/2020,01/31/2020,ed,4.0613,0.0239,0.0239,0.1117,0.0106
16-34 years,1,01/01/2020,01/31/2020,ip,28.1293,4.932,3.0782,5.8844,1.1224
16-34 years,1,01/01/2020,01/31/2020,ed,31.2102,2.2127,1.8439,4.5482,0.4594
35-54 years,1,01/01/2020,01/31/2020,ip,39.7774,7.3291,5.6598,3.5135,1.4467
35-54 years,1,01/01/2020,01/31/2020,ed,46.4683,3.7108,3.3756,3.4989,0.8786
55+ years,1,01/01/2020,01/31/2020,ip,29.3764,2.8886,1.1386,0.5587,0.3848
55+ years,1,01/01/2020,01/31/2020,ed,46.867,1.3921,1.0264,1.3451,0.2281
0-15 years,2,02/01/2020,02/29/2020,ip,7.1492,1.0426,0.134,0.8639,0.134
0-15 years,2,02/01/2020,02/29/2020,ed,3.9581,0.0235,0.0323,0.1,0.0147
16-34 years,2,02/01/2020,02/29/2020,ip,28.3146,4.8493,3.3963,5.8482,0.8173
16-34 years,2,02/01/2020,02/29/2020,ed,31.4308,2.4517,2.0248,4.6705,0.575
35-54 years,2,02/01/2020,02/29/2020,ip,39.4247,6.8341,5.2378,3.2923,1.4965
35-54 years,2,02/01/2020,02/29/2020,ed,47.0685,4.235,3.7351,3.6442,1.0164
55+ years,2,02/01/2020,02/29/2020,ip,29.3151,2.9509,1.1187,0.6621,0.4281
55+ years,2,02/01/2020,02/29/2020,ed,46.354,1.4892,1.1964,1.2733,0.2744
0-15 years,3,03/01/2020,03/31/2020,ip,7.6297,1.1388,0.2278,1.0249,0.0813
0-15 years,3,03/01/2020,03/31/2020,ed,3.4907,0.008,0.024,0.1122,0.0321
16-34 years,3,03/01/2020,03/31/2020,ip,27.8137,5.1331,3.365,5.5513,1.2167
16-34 years,3,03/01/2020,03/31/2020,ed,32.0533,2.4238,2.0919,4.2262,0.4593
35-54 years,3,03/01/2020,03/31/2020,ip,37.596,7.432,5.3036,3.0705,1.6923
35-54 years,3,03/01/2020,03/31/2020,ed,45.4458,3.8369,3.6756,3.2309,0.8851
55+ years,3,03/01/2020,03/31/2020,ip,28.0854,3.0181,1.2303,0.5895,0.3909
55+ years,3,03/01/2020,03/31/2020,ed,46.7512,1.4913,1.3857,1.1829,0.3802
0-15 years,4,04/01/2020,04/30/2020,ip,6.8157,0.9245,0.387,1.3115,0.129
0-15 years,4,04/01/2020,04/30/2020,ed,3.4905,0.0371,0.0619,0.1857,0.0248
16-34 years,4,04/01/2020,04/30/2020,ip,24.6676,4.1495,3.2783,5.8459,0.8253
16-34 years,4,04/01/2020,04/30/2020,ed,35.2773,3.2368,2.9997,4.918,0.5023
35-54 years,4,04/01/2020,04/30/2020,ip,34.8495,5.8449,5.2076,2.7906,1.0767
35-54 years,4,04/01/2020,04/30/2020,ed,47.7939,4.4395,4.4123,3.3789,0.809
55+ years,4,04/01/2020,04/30/2020,ip,25.4063,2.6476,1.0147,0.5232,0.3646
55+ years,4,04/01/2020,04/30/2020,ed,46.6011,1.6815,1.473,1.1601,0.4497
0-15 years,5,05/01/2020,05/31/2020,ip,7.1797,1.0884,0.3628,0.8975,0.0382
0-15 years,5,05/01/2020,05/31/2020,ed,4.5392,0.0458,0.0915,0.183,0.0915
16-34 years,5,05/01/2020,05/31/2020,ip,27.5598,5.0804,3.315,6.6889,1.2554
16-34 years,5,05/01/2020,05/31/2020,ed,35.7596,2.9666,2.5586,4.9738,0.7113
35-54 years,5,05/01/2020,05/31/2020,ip,37.3271,7.5395,5.5913,3.3314,1.4417
35-54 years,5,05/01/2020,05/31/2020,ed,49.0164,4.8975,4.3185,3.326,1.0693
55+ years,5,05/01/2020,05/31/2020,ip,27.9291,2.7303,1.2455,0.4574,0.4292
55+ years,5,05/01/2020,05/31/2020,ed,48.5159,2.0065,1.5335,1.2164,0.4003
0-15 years,6,06/01/2020,06/30/2020,ip,6.9673,1.1089,0.1663,0.8686,0.1294
0-15 years,6,06/01/2020,06/30/2020,ed,3.6351,0.0321,0.0722,0.1926,0.016
16-34 years,6,06/01/2020,06/30/2020,ip,26.6913,4.5102,3.0499,6.0628,1.146
16-34 years,6,06/01/2020,06/30/2020,ed,34.7251,2.8853,2.4738,4.8134,0.6612
35-54 years,6,06/01/2020,06/30/2020,ip,36.8625,5.9586,4.612,3.2991,1.0773
35-54 years,6,06/01/2020,06/30/2020,ed,48.2684,4.3545,3.6988,3.3555,1.0092
55+ years,6,06/01/2020,06/30/2020,ip,28.3461,2.8609,1.1581,0.5634,0.3819
55+ years,6,06/01/2020,06/30/2020,ed,46.5866,1.7305,1.3862,1.3454,0.3488
0-15 years,7,07/01/2020,07/31/2020,ip,7.3449,1.0907,0.2386,1.0225,0.1534
0-15 years,7,07/01/2020,07/31/2020,ed,3.7559,0.0401,0.0869,0.1804,0.02
16-34 years,7,07/01/2020,07/31/2020,ip,26.6171,4.7561,3.4244,6.0187,1.0723
16-34 years,7,07/01/2020,07/31/2020,ed,33.3673,2.7921,2.0961,4.6766,0.5617
35-54 years,7,07/01/2020,07/31/2020,ip,36.3931,6.5845,4.6708,2.676,1.3785
35-54 years,7,07/01/2020,07/31/2020,ed,46.2184,3.7194,3.2263,3.1848,1.0416
55+ years,7,07/01/2020,07/31/2020,ip,27.1423,2.8145,1.0202,0.5521,0.4741
55+ years,7,07/01/2020,07/31/2020,ed,46.4371,1.5615,1.1322,1.1069,0.2862
0-15 years,8,08/01/2020,08/31/2020,ip,7.3249,1.1406,0.303,0.9268,0.1248
0-15 years,8,08/01/2020,08/31/2020,ed,3.7172,0.0729,0.0398,0.1391,0.0265
16-34 years,8,08/01/2020,08/31/2020,ip,27.8309,5.1139,3.3571,5.7401,1.2872
16-34 years,8,08/01/2020,08/31/2020,ed,33.8041,2.6473,1.9939,4.7382,0.5016
35-54 years,8,08/01/2020,08/31/2020,ip,36.9173,7.2718,4.6947,3.2009,1.74
35-54 years,8,08/01/2020,08/31/2020,ed,47.2267,4.0617,3.3815,3.7264,0.8478
55+ years,8,08/01/2020,08/31/2020,ip,27.8489,2.634,1.0644,0.6374,0.4149
55+ years,8,08/01/2020,08/31/2020,ed,46.6748,1.7352,1.154,1.2846,0.3369
0-15 years,9,09/01/2020,09/30/2020,ip,7.773,0.8182,0.1601,0.9961,0.0889
0-15 years,9,09/01/2020,09/30/2020,ed,4.4069,0.0647,0.0582,0.2071,0.0194
16-34 years,9,09/01/2020,09/30/2020,ip,28.941,4.5093,3.6962,5.766,1.1643
16-34 years,9,09/01/2020,09/30/2020,ed,33.7709,2.5994,2.1938,4.8979,0.4972
35-54 years,9,09/01/2020,09/30/2020,ip,36.8395,6.8613,4.7307,2.9022,1.5601
35-54 years,9,09/01/2020,09/30/2020,ed,47.9736,4.1176,3.5985,3.6434,0.7536
55+ years,9,09/01/2020,09/30/2020,ip,28.1381,2.9849,0.9343,0.5339,0.3883
55+ years,9,09/01/2020,09/30/2020,ed,47.2048,1.7228,1.0423,1.1327,0.3359
0-15 years,10,10/01/2020,10/31/2020,ip,8.2423,1.0743,0.2818,0.8982,0.0881
0-15 years,10,10/01/2020,10/31/2020,ed,4.3129,0.0253,0.0443,0.133,0.038
16-34 years,10,10/01/2020,10/31/2020,ip,26.9224,4.358,3.1334,6.1228,1.1705
16-34 years,10,10/01/2020,10/31/2020,ed,33.2122,2.7743,1.9303,4.8676,0.5682
35-54 years,10,10/01/2020,10/31/2020,ip,37.3517,7.6198,5.0366,3.4281,1.186
35-54 years,10,10/01/2020,10/31/2020,ed,48.0327,4.0111,3.5569,3.8103,1.0135
55+ years,10,10/01/2020,10/31/2020,ip,27.4124,2.7708,0.9843,0.5519,0.3869
55+ years,10,10/01/2020,10/31/2020,ed,46.7632,1.7998,1.1685,1.2259,0.4223
0-15 years,11,11/01/2020,11/30/2020,ip,8.4861,1.1705,0.3121,0.9949,0.1366
0-15 years,11,11/01/2020,11/30/2020,ed,4.2816,0.0554,0.1247,0.1732,0.0554
16-34 years,11,11/01/2020,11/30/2020,ip,27.9716,4.9655,3.0483,6.3267,1.4187
16-34 years,11,11/01/2020,11/30/2020,ed,33.9841,2.5186,1.9735,4.9189,0.4986
35-54 years,11,11/01/2020,11/30/2020,ip,35.6476,6.0969,4.6696,3.1894,1.304
35-54 years,11,11/01/2020,11/30/2020,ed,46.8117,3.868,3.3545,3.912,1.0562
55+ years,11,11/01/2020,11/30/2020,ip,27.1767,2.5382,0.8795,0.4073,0.3601
55+ years,11,11/01/2020,11/30/2020,ed,46.7904,1.6809,0.9862,1.1578,0.3902
0-15 years,12,12/01/2020,12/31/2020,ip,8.0289,1.1916,0.2344,0.8791,0.0586
0-15 years,12,12/01/2020,12/31/2020,ed,3.7099,0.0073,0.0581,0.1307,0.0218
16-34 years,12,12/01/2020,12/31/2020,ip,27.5595,4.3739,3.2901,5.6125,1.0257
16-34 years,12,12/01/2020,12/31/2020,ed,31.7582,2.3606,1.9715,4.4195,0.5071
35-54 years,12,12/01/2020,12/31/2020,ip,35.877,6.4752,4.8436,2.8212,1.1727
35-54 years,12,12/01/2020,12/31/2020,ed,44.9521,3.9082,3.1941,3.6392,0.993
55+ years,12,12/01/2020,12/31/2020,ip,26.2742,2.3679,0.8949,0.4947,0.3613
55+ years,12,12/01/2020,12/31/2020,ed,45.3219,1.62,1.1463,1.3535,0.3215
0-15 years,13,01/01/2021,01/31/2021,ip,8.5904,0.9082,0.2838,1.0785,0.1135
0-15 years,13,01/01/2021,01/31/2021,ed,4.2736,0.0138,0.0484,0.166,0.0277
16-34 years,13,01/01/2021,01/31/2021,ip,28.7567,4.939,3.566,6.4836,1.2395
16-34 years,13,01/01/2021,01/31/2021,ed,31.5292,2.4885,1.9742,4.7903,0.5267
35-54 years,13,01/01/2021,01/31/2021,ip,36.7458,6.2621,5.2419,3.2894,1.1434
35-54 years,13,01/01/2021,01/31/2021,ed,44.9547,3.9998,3.3791,3.9018,0.9148
55+ years,13,01/01/2021,01/31/2021,ip,26.0447,2.4339,0.9092,0.48,0.3106
55+ years,13,01/01/2021,01/31/2021,ed,45.9522,1.7236,1.2474,1.3486,0.4509
0-15 years,14,02/01/2021,02/28/2021,ip,7.9144,0.9034,0.3142,1.0016,0.0393
0-15 years,14,02/01/2021,02/28/2021,ed,5.0271,0.0578,0.0506,0.1733,0.0144
16-34 years,14,02/01/2021,02/28/2021,ip,27.2598,4.5805,3.4049,6.3437,0.8918
16-34 years,14,02/01/2021,02/28/2021,ed,32.8298,2.58,2.1158,4.9461,0.6143
35-54 years,14,02/01/2021,02/28/2021,ip,36.8392,6.0179,4.8838,2.7254,1.0609
35-54 years,14,02/01/2021,02/28/2021,ed,45.4409,3.6668,3.2233,3.9917,0.8613
55+ years,14,02/01/2021,02/28/2021,ip,26.8754,2.388,0.9822,0.5709,0.3438
55+ years,14,02/01/2021,02/28/2021,ed,45.9309,1.7961,1.2129,1.1897,0.375
0-15 years,15,03/01/2021,03/31/2021,ip,8.5625,1.1071,0.2595,0.8822,0.173
0-15 years,15,03/01/2021,03/31/2021,ed,4.4563,0.0291,0.064,0.1862,0.0233
16-34 years,15,03/01/2021,03/31/2021,ip,29.0508,4.9374,3.0772,5.685,1.3561
16-34 years,15,03/01/2021,03/31/2021,ed,34.0901,2.6581,2.356,5.4061,0.6002
35-54 years,15,03/01/2021,03/31/2021,ip,36.615,5.768,4.8989,3.0499,1.0904
35-54 years,15,03/01/2021,03/31/2021,ed,47.686,4.0871,3.8237,4.7973,0.9406
55+ years,15,03/01/2021,03/31/2021,ip,26.8044,2.4278,0.9536,0.548,0.2466
55+ years,15,03/01/2021,03/31/2021,ed,46.0615,1.7699,1.1921,1.3671,0.3296
0-15 years,16,04/01/2021,04/30/2021,ip,8.507,0.9127,0.1894,1.0849,0.1033
0-15 years,16,04/01/2021,04/30/2021,ed,3.6429,0.0356,0.0356,0.1778,0.0356
16-34 years,16,04/01/2021,04/30/2021,ip,27.1064,4.0406,3.4064,5.9612,0.7429
16-34 years,16,04/01/2021,04/30/2021,ed,31.5499,2.1967,1.8905,4.8603,0.486
35-54 years,16,04/01/2021,04/30/2021,ip,34.3583,6.0528,3.9974,3.0587,0.9063
35-54 years,16,04/01/2021,04/30/2021,ed,46.6797,3.705,3.4337,4.0386,0.6939
55+ years,16,04/01/2021,04/30/2021,ip,27.0125,2.275,0.9936,0.4629,0.2653
55+ years,16,04/01/2021,04/30/2021,ed,47.3041,1.5561,1.3693,1.3149,0.3423
0-15 years,17,05/01/2021,05/31/2021,ip,8.8638,0.9069,0.2396,0.8042,0.1369
0-15 years,17,05/01/2021,05/31/2021,ed,3.6488,0.0398,0.0354,0.146,0.0265
16-34 years,17,05/01/2021,05/31/2021,ip,27.5948,4.1518,3.1138,6.335,0.9843
16-34 years,17,05/01/2021,05/31/2021,ed,32.1509,2.1695,1.7289,4.9515,0.4966
35-54 years,17,05/01/2021,05/31/2021,ip,37.2634,6.4763,4.6496,2.4909,1.1624
35-54 years,17,05/01/2021,05/31/2021,ed,46.8246,3.6204,3.285,3.9472,0.6278
55+ years,17,05/01/2021,05/31/2021,ip,27.2285,2.3226,1.1005,0.6082,0.3707
55+ years,17,05/01/2021,05/31/2021,ed,47.2233,1.8898,1.2405,1.3131,0.3772
0-15 years,18,06/01/2021,06/30/2021,ip,7.7139,0.8424,0.1487,0.8094,0.1156
0-15 years,18,06/01/2021,06/30/2021,ed,3.3626,0.0438,0.0307,0.0789,0.0044
16-34 years,18,06/01/2021,06/30/2021,ip,26.6431,4.1696,3.1095,5.6184,0.8657
16-34 years,18,06/01/2021,06/30/2021,ed,31.6798,2.1072,1.811,4.6119,0.4462
35-54 years,18,06/01/2021,06/30/2021,ip,36.8538,6.359,4.6464,2.5848,1.0783
35-54 years,18,06/01/2021,06/30/2021,ed,46.9937,3.7973,3.4136,3.8878,0.7241
55+ years,18,06/01/2021,06/30/2021,ip,28.3497,2.7371,1.0536,0.5268,0.3436
55+ years,18,06/01/2021,06/30/2021,ed,47.0289,1.7496,1.1815,1.2128,0.2928
0-15 years,19,07/01/2021,07/31/2021,ip,7.3046,1.2407,0.2171,0.7909,0.1086
0-15 years,19,07/01/2021,07/31/2021,ed,2.9479,0.02,0.032,0.0919,0.02
16-34 years,19,07/01/2021,07/31/2021,ip,25.9569,4.3667,3.6013,5.1322,1.009
16-34 years,19,07/01/2021,07/31/2021,ed,30.7891,2.2136,1.7577,4.5256,0.4084
35-54 years,19,07/01/2021,07/31/2021,ip,36.4045,6.4194,4.3406,3.0434,1.3305
35-54 years,19,07/01/2021,07/31/2021,ed,45.8765,3.5375,3.1283,3.5204,0.6436
55+ years,19,07/01/2021,07/31/2021,ip,27.8654,2.4482,0.9238,0.4966,0.3522
55+ years,19,07/01/2021,07/31/2021,ed,45.6129,1.6668,0.9176,1.0757,0.2784
0-15 years,20,08/01/2021,08/31/2021,ip,6.955,0.9958,0.2645,0.8091,0.1089
0-15 years,20,08/01/2021,08/31/2021,ed,2.6601,0.0261,0.0335,0.0745,0.0037
16-34 years,20,08/01/2021,08/31/2021,ip,25.7997,3.8105,3.3561,4.9292,0.9614
16-34 years,20,08/01/2021,08/31/2021,ed,29.6892,1.8632,1.7416,3.476,0.3898
35-54 years,20,08/01/2021,08/31/2021,ip,35.5125,6.5217,4.6811,2.8404,1.4281
35-54 years,20,08/01/2021,08/31/2021,ed,44.1324,3.4056,2.8208,2.7751,0.6388
55+ years,20,08/01/2021,08/31/2021,ip,26.5993,2.1709,1.1547,0.4446,0.3002
55+ years,20,08/01/2021,08/31/2021,ed,45.1121,1.6377,0.9805,0.9158,0.3196
0-15 years,21,09/01/2021,09/30/2021,ip,8.2358,1.0501,0.315,1.0051,0.06
0-15 years,21,09/01/2021,09/30/2021,ed,3.1426,0.0215,0.0323,0.097,0.0144
16-34 years,21,09/01/2021,09/30/2021,ip,25.8065,4.0991,2.8159,5.0437,0.8376
16-34 years,21,09/01/2021,09/30/2021,ed,28.0888,2.1145,1.5924,1.9131,0.4177
35-54 years,21,09/01/2021,09/30/2021,ip,34.9362,5.8863,4.6261,2.9348,1.3099
35-54 years,21,09/01/2021,09/30/2021,ed,43.5511,3.6228,3.0099,1.6979,0.5993
55+ years,21,09/01/2021,09/30/2021,ip,26.834,2.3925,1.0555,0.5454,0.3577
55+ years,21,09/01/2021,09/30/2021,ed,45.5043,1.8191,1.0175,0.555,0.3006
0-15 years,22,10/01/2021,10/31/2021,ip,8.3498,0.9904,0.2133,0.9904,0.1219
0-15 years,22,10/01/2021,10/31/2021,ed,2.9304,0.0404,0.0147,0.1322,0.0294
16-34 years,22,10/01/2021,10/31/2021,ip,25.9643,4.3486,3.075,5.1856,1.0735
16-34 years,22,10/01/2021,10/31/2021,ed,29.0068,2.2062,1.6642,1.891,0.515
35-54 years,22,10/01/2021,10/31/2021,ip,36.2554,5.522,4.176,2.6747,1.2079
35-54 years,22,10/01/2021,10/31/2021,ed,45.0904,3.713,3.0599,1.6259,0.6805
55+ years,22,10/01/2021,10/31/2021,ip,25.9296,2.2806,1.0624,0.5427,0.254
55+ years,22,10/01/2021,10/31/2021,ed,46.2223,1.5262,1.0945,0.4242,0.2045
0-15 years,23,11/01/2021,11/30/2021,ip,8.4565,0.7618,0.2895,1.0818,0.1524
0-15 years,23,11/01/2021,11/30/2021,ed,3.7166,0.0229,0.0267,0.1372,0.0305
16-34 years,23,11/01/2021,11/30/2021,ip,25.3474,3.9054,2.5347,5.5764,0.8825
16-34 years,23,11/01/2021,11/30/2021,ed,29.3649,1.9409,1.3545,2.0028,0.3882
35-54 years,23,11/01/2021,11/30/2021,ip,35.9723,5.9588,4.9797,2.5996,0.7427
35-54 years,23,11/01/2021,11/30/2021,ed,44.8712,3.2277,2.697,1.5189,0.5696
55+ years,23,11/01/2021,11/30/2021,ip,26.4701,2.2029,0.9791,0.5187,0.2914
55+ years,23,11/01/2021,11/30/2021,ed,45.8549,1.2475,0.9765,0.4703,0.2073
0-15 years,24,12/01/2021,12/31/2021,ip,7.8775,0.7502,0.2501,0.8284,0.0938
0-15 years,24,12/01/2021,12/31/2021,ed,3.5482,0.0399,0.0327,0.1197,0.0
16-34 years,24,12/01/2021,12/31/2021,ip,26.5545,4.0446,2.6838,5.103,1.0962
16-34 years,24,12/01/2021,12/31/2021,ed,26.4235,1.4393,1.0356,1.6218,0.1931
35-54 years,24,12/01/2021,12/31/2021,ip,35.0166,5.9759,4.7702,2.621,1.0484
35-54 years,24,12/01/2021,12/31/2021,ed,41.7689,2.3162,2.0117,1.2782,0.3346
55+ years,24,12/01/2021,12/31/2021,ip,25.2818,2.1258,1.0395,0.4088,0.3796
55+ years,24,12/01/2021,12/31/2021,ed,44.8548,1.2438,0.7107,0.3516,0.1172
0-15 years,25,01/01/2022,01/31/2022,ip,8.5156,0.8118,0.1988,1.0272,0.0497
0-15 years,25,01/01/2022,01/31/2022,ed,3.19,0.0419,0.0084,0.1802,0.0126
16-34 years,25,01/01/2022,01/31/2022,ip,25.8396,4.6399,2.815,5.2029,1.3201
16-34 years,25,01/01/2022,01/31/2022,ed,29.2832,1.5878,1.1168,1.8802,0.2802
35-54 years,25,01/01/2022,01/31/2022,ip,36.4787,6.1181,5.2167,3.2605,1.285
35-54 years,25,01/01/2022,01/31/2022,ed,43.4919,2.5349,2.1077,1.3576,0.4794
55+ years,25,01/01/2022,01/31/2022,ip,24.6579,2.3682,0.9699,0.4939,0.2975
55+ years,25,01/01/2022,01/31/2022,ed,45.0946,1.0787,0.7478,0.3228,0.1634
0-15 years,26,02/01/2022,02/28/2022,ip,8.4689,0.6895,0.2652,1.2199,0.0884
0-15 years,26,02/01/2022,02/28/2022,ed,3.6375,0.0242,0.0387,0.2276,0.0194
16-34 years,26,02/01/2022,02/28/2022,ip,26.6793,4.2401,3.0227,5.3946,1.0285
16-34 years,26,02/01/2022,02/28/2022,ed,28.2098,1.5965,1.2897,1.9465,0.2349
35-54 years,26,02/01/2022,02/28/2022,ip,37.2758,6.963,5.4559,3.1477,1.5643
35-54 years,26,02/01/2022,02/28/2022,ed,43.3129,2.9495,2.5808,1.4267,0.4114
55+ years,26,02/01/2022,02/28/2022,ip,25.8159,2.6632,1.1684,0.5222,0.3068
55+ years,26,02/01/2022,02/28/2022,ed,45.4497,1.4055,0.853,0.389,0.1414
0-15 years,27,03/01/2022,03/31/2022,ip,8.8389,0.697,0.2693,0.9187,0.1267
0-15 years,27,03/01/2022,03/31/2022,ed,3.8541,0.0265,0.0151,0.2116,0.0227
16-34 years,27,03/01/2022,03/31/2022,ip,26.719,4.204,3.2511,5.6614,1.4013
16-34 years,27,03/01/2022,03/31/2022,ed,28.8588,1.5162,1.1634,2.0916,0.1722
35-54 years,27,03/01/2022,03/31/2022,ip,37.5584,6.4069,5.368,3.6017,1.3506
35-54 years,27,03/01/2022,03/31/2022,ed,44.6993,2.5752,2.1365,1.4116,0.3243
55+ years,27,03/01/2022,03/31/2022,ip,27.5446,2.4834,1.3116,0.5072,0.4256
55+ years,27,03/01/2022,03/31/2022,ed,46.6905,1.0868,0.7612,0.3845,0.0863
0-15 years,28,04/01/2022,04/30/2022,ip,8.6422,0.8307,0.3355,0.8946,0.0958
0-15 years,28,04/01/2022,04/30/2022,ed,3.853,0.0148,0.0259,0.1964,0.0296
16-34 years,28,04/01/2022,04/30/2022,ip,26.8605,3.6628,2.8876,6.0271,0.8721
16-34 years,28,04/01/2022,04/30/2022,ed,28.0488,1.4165,1.2363,2.1499,0.1467
35-54 years,28,04/01/2022,04/30/2022,ip,37.0635,6.2325,5.0803,3.2647,1.2046
35-54 years,28,04/01/2022,04/30/2022,ed,42.7041,2.5636,2.079,1.2697,0.3102
55+ years,28,04/01/2022,04/30/2022,ip,27.9388,2.4483,1.156,0.5809,0.3735
55+ years,28,04/01/2022,04/30/2022,ed,44.8291,1.0829,0.6459,0.4022,0.1238
0-15 years,29,05/01/2022,05/31/2022,ip,8.4464,0.7861,0.2466,0.7707,0.1541
0-15 years,29,05/01/2022,05/31/2022,ed,3.8416,0.032,0.0096,0.1665,0.0192
16-34 years,29,05/01/2022,05/31/2022,ip,26.5317,3.7017,2.5894,5.1422,0.93
16-34 years,29,05/01/2022,05/31/2022,ed,27.1493,1.4487,1.2589,2.0216,0.2153
35-54 years,29,05/01/2022,05/31/2022,ip,37.6195,6.7964,5.3791,2.8689,1.4003
35-54 years,29,05/01/2022,05/31/2022,ed,42.0403,2.4887,2.2888,1.5315,0.2978
55+ years,29,05/01/2022,05/31/2022,ip,27.7162,2.4332,1.1204,0.5376,0.3169
55+ years,29,05/01/2022,05/31/2022,ed,43.5352,1.1152,0.6587,0.4391,0.1115
0-15 years,30,06/01/2022,06/30/2022,ip,8.4365,0.8795,0.2443,1.0098,0.1466
0-15 years,30,06/01/2022,06/30/2022,ed,3.4956,0.0146,0.0146,0.1644,0.0146
16-34 years,30,06/01/2022,06/30/2022,ip,26.4628,4.1714,3.3598,4.9641,1.2458
16-34 years,30,06/01/2022,06/30/2022,ed,27.094,1.4071,1.2625,1.8683,0.1759
35-54 years,30,06/01/2022,06/30/2022,ip,37.28,6.6803,5.2964,3.0241,1.3668
35-54 years,30,06/01/2022,06/30/2022,ed,40.534,2.4041,2.2049,1.2353,0.2479
55+ years,30,06/01/2022,06/30/2022,ip,27.795,2.8382,1.0996,0.3742,0.3857
55+ years,30,06/01/2022,06/30/2022,ed,44.3359,1.1434,0.8036,0.3682,0.0991
0-15 years,31,07/01/2022,07/31/2022,ip,8.118,1.0845,0.4147,0.7656,0.1435
0-15 years,31,07/01/2022,07/31/2022,ed,3.0861,0.0197,0.0276,0.2089,0.0197
16-34 years,31,07/01/2022,07/31/2022,ip,24.9867,3.4861,3.3268,4.6187,0.6017
16-34 years,31,07/01/2022,07/31/2022,ed,27.298,1.5545,1.1828,2.1328,0.1277
35-54 years,31,07/01/2022,07/31/2022,ip,36.6941,6.4129,5.2469,2.5892,1.4232
35-54 years,31,07/01/2022,07/31/2022,ed,41.0027,2.7315,1.8966,1.293,0.1969
55+ years,31,07/01/2022,07/31/2022,ip,27.62,2.5999,1.1969,0.4982,0.3493
55+ years,31,07/01/2022,07/31/2022,ed,43.326,1.1302,0.6754,0.4582,0.0815
0-15 years,32,08/01/2022,08/31/2022,ip,7.9106,1.0332,0.3701,0.7402,0.0617
0-15 years,32,08/01/2022,08/31/2022,ed,3.3178,0.0235,0.0274,0.133,0.0196
16-34 years,32,08/01/2022,08/31/2022,ip,26.2275,3.5147,2.5963,5.0159,0.7065
16-34 years,32,08/01/2022,08/31/2022,ed,26.8852,1.416,1.1575,2.1952,0.1573
35-54 years,32,08/01/2022,08/31/2022,ip,36.6739,5.9431,5.3438,2.7468,1.1986
35-54 years,32,08/01/2022,08/31/2022,ed,41.2136,2.6569,1.9874,1.4662,0.3093
55+ years,32,08/01/2022,08/31/2022,ip,27.1925,2.4075,1.2426,0.4882,0.3217
55+ years,32,08/01/2022,08/31/2022,ed,43.497,1.2516,0.7278,0.5374,0.0816
0-15 years,33,09/01/2022,09/30/2022,ip,9.0352,0.8961,0.4032,1.0155,0.0747
0-15 years,33,09/01/2022,09/30/2022,ed,4.2506,0.0348,0.0313,0.1948,0.0104
16-34 years,33,09/01/2022,09/30/2022,ip,26.6119,4.0183,3.2511,5.2055,0.8584
16-34 years,33,09/01/2022,09/30/2022,ed,28.5864,1.4478,1.1295,2.5384,0.132
35-54 years,33,09/01/2022,09/30/2022,ip,37.3042,6.3347,5.5956,3.0618,1.2493
35-54 years,33,09/01/2022,09/30/2022,ed,43.5434,2.4429,2.0731,1.8082,0.2694
55+ years,33,09/01/2022,09/30/2022,ip,27.2057,2.515,1.1268,0.4937,0.4588
55+ years,33,09/01/2022,09/30/2022,ed,44.3563,1.1399,0.8044,0.5988,0.1263
0-15 years,34,10/01/2022,10/31/2022,ip,8.0096,0.5954,0.241,0.6946,0.1134
0-15 years,34,10/01/2022,10/31/2022,ed,3.7126,0.0156,0.0124,0.1432,0.0093
16-34 years,34,10/01/2022,10/31/2022,ip,25.9817,3.633,3.4312,4.9908,0.7156
16-34 years,34,10/01/2022,10/31/2022,ed,27.2511,1.3756,1.161,2.9696,0.1916
35-54 years,34,10/01/2022,10/31/2022,ip,36.2657,6.3816,5.435,2.9215,1.1262
35-54 years,34,10/01/2022,10/31/2022,ed,42.4623,2.7014,2.1149,2.0882,0.3599
55+ years,34,10/01/2022,10/31/2022,ip,27.2517,2.4921,1.2675,0.5908,0.3867
55+ years,34,10/01/2022,10/31/2022,ed,43.2973,1.195,0.7191,0.4935,0.1128
0-15 years,35,11/01/2022,11/30/2022,ip,7.6558,0.7379,0.2504,0.7511,0.1977
0-15 years,35,11/01/2022,11/30/2022,ed,3.3666,0.0088,0.0176,0.1434,0.0059
16-34 years,35,11/01/2022,11/30/2022,ip,27.1304,4.7323,3.2023,5.3371,1.2453
16-34 years,35,11/01/2022,11/30/2022,ed,25.9212,1.341,1.1412,2.6052,0.1768
35-54 years,35,11/01/2022,11/30/2022,ip,36.4726,6.389,5.6634,2.8869,1.0412
35-54 years,35,11/01/2022,11/30/2022,ed,40.4196,2.7038,2.1897,1.7352,0.2295
55+ years,35,11/01/2022,11/30/2022,ip,27.0713,2.5048,1.2068,0.5578,0.4208
55+ years,35,11/01/2022,11/30/2022,ed,41.7612,1.1998,0.6545,0.4472,0.1091
0-15 years,36,12/01/2022,12/31/2022,ip,7.7288,0.9067,0.2879,0.7484,0.1295
0-15 years,36,12/01/2022,12/31/2022,ed,3.7152,0.0175,0.0105,0.1571,0.007
16-34 years,36,12/01/2022,12/31/2022,ip,25.1527,3.4854,3.0183,4.779,0.6288
16-34 years,36,12/01/2022,12/31/2022,ed,26.8599,1.3684,1.2583,2.8036,0.2202
35-54 years,36,12/01/2022,12/31/2022,ip,36.3458,6.77,6.0196,3.0179,1.4356
35-54 years,36,12/01/2022,12/31/2022,ed,40.6165,2.5509,2.1092,1.8929,0.2299
55+ years,36,12/01/2022,12/31/2022,ip,26.4566,2.2873,1.1584,0.4172,0.3338
55+ years,36,12/01/2022,12/31/2022,ed,42.7018,1.1091,0.7061,0.5813,0.0678
0-15 years,37,01/01/2023,01/31/2023,ip,9.0247,0.8218,0.3722,1.0079,0.1241
0-15 years,37,01/01/2023,01/31/2023,ed,4.0813,0.0249,0.0249,0.2696,0.0166
16-34 years,37,01/01/2023,01/31/2023,ip,27.1815,4.1804,3.2129,5.586,1.1866
16-34 years,37,01/01/2023,01/31/2023,ed,26.2715,1.4606,1.1548,3.0259,0.2052
35-54 years,37,01/01/2023,01/31/2023,ip,37.6151,7.2852,5.7779,2.8638,1.1723
35-54 years,37,01/01/2023,01/31/2023,ed,41.927,2.8377,2.4221,1.9931,0.286
55+ years,37,01/01/2023,01/31/2023,ip,26.6713,2.259,1.24,0.523,0.3558
55+ years,37,01/01/2023,01/31/2023,ed,43.014,1.1574,0.769,0.6421,0.0753
0-15 years,38,02/01/2023,02/28/2023,ip,9.434,0.7944,0.4138,1.1089,0.149
0-15 years,38,02/01/2023,02/28/2023,ed,3.9697,0.0284,0.0243,0.1825,0.0
16-34 years,38,02/01/2023,02/28/2023,ip,27.1892,3.8116,3.3229,5.258,0.821
16-34 years,38,02/01/2023,02/28/2023,ed,26.4438,1.4241,1.1962,2.7955,0.1534
35-54 years,38,02/01/2023,02/28/2023,ip,37.6065,7.3436,6.3101,2.8468,1.2874
35-54 years,38,02/01/2023,02/28/2023,ed,42.0111,2.7156,2.4801,2.0692,0.3006
55+ years,38,02/01/2023,02/28/2023,ip,27.2923,2.5105,1.4047,0.6216,0.3407
55+ years,38,02/01/2023,02/28/2023,ed,42.8739,1.1653,0.6801,0.6455,0.1083
0-15 years,39,03/01/2023,03/31/2023,ip,9.04,0.7624,0.2023,0.9024,0.0778
0-15 years,39,03/01/2023,03/31/2023,ed,3.7746,0.0182,0.04,0.2252,0.0182
16-34 years,39,03/01/2023,03/31/2023,ip,27.6174,3.8618,3.2595,5.5093,0.6909
16-34 years,39,03/01/2023,03/31/2023,ed,25.9332,1.4357,1.1446,2.6708,0.1888
35-54 years,39,03/01/2023,03/31/2023,ip,37.6574,7.3393,6.3453,3.2472,1.3585
35-54 years,39,03/01/2023,03/31/2023,ed,40.9161,2.6776,2.1883,1.93,0.3081
55+ years,39,03/01/2023,03/31/2023,ip,27.657,2.4105,1.3713,0.4928,0.3696
55+ years,39,03/01/2023,03/31/2023,ed,43.3388,1.1225,0.6967,0.5535,0.0813
0-15 years,40,04/01/2023,04/30/2023,ip,9.3681,0.7375,0.2591,0.9767,0.0997
0-15 years,40,04/01/2023,04/30/2023,ed,4.486,0.0338,0.0145,0.2221,0.0097
16-34 years,40,04/01/2023,04/30/2023,ip,27.1654,3.878,3.3858,5.5709,0.6693
16-34 years,40,04/01/2023,04/30/2023,ed,26.3111,1.4252,1.2887,2.6371,0.175
35-54 years,40,04/01/2023,04/30/2023,ip,38.5056,7.0776,6.0025,3.5657,1.5768
35-54 years,40,04/01/2023,04/30/2023,ed,42.003,2.6567,2.2457,1.9619,0.3425
55+ years,40,04/01/2023,04/30/2023,ip,27.6982,2.4151,1.3577,0.6569,0.3942
55+ years,40,04/01/2023,04/30/2023,ed,42.9048,1.1564,0.7981,0.4479,0.1059
0-15 years,41,05/01/2023,05/27/2023,ip,10.3203,0.5338,0.089,0.9786,0.089
0-15 years,41,05/01/2023,05/27/2023,ed,4.0664,0.0443,0.0148,0.2583,0.0
16-34 years,41,05/01/2023,05/27/2023,ip,27.7946,3.5391,2.9348,4.9633,0.4316
16-34 years,41,05/01/2023,05/27/2023,ed,25.8512,1.2123,0.922,2.2795,0.1162
35-54 years,41,05/01/2023,05/27/2023,ip,38.4544,7.5428,6.4785,2.7765,1.851
35-54 years,41,05/01/2023,05/27/2023,ed,41.6762,2.78,2.3235,1.6468,0.2609
55+ years,41,05/01/2023,05/27/2023,ip,30.0087,2.2145,1.3078,0.4882,0.3487
55+ years,41,05/01/2023,05/27/2023,ed,41.8811,1.2971,0.7283,0.4994,0.104
